-- ============================================================
-- 压测级测试数据：60 名学生 + 1 门课程 + 3 次作业 + 海量提交记录
-- 执行前提：schema.sql + alter.sql 已执行
-- 密码统一为 123456（BCrypt hash 同上）
-- ============================================================

SET NAMES utf8mb4;
SET FOREIGN_KEY_CHECKS = 0;

-- ============================================================
-- 雪花 ID 段分配（确保不与已有数据冲突）
--   已有：user 6900000~6900013, course 7200001~7200004
--   新增段：
--     user 批量    → 1856321478523691001 ~ 1856321478523691060  (60 个学生)
--     course       → 1856321478523720101  (压测课程)
--     user_course  → 1856321478523731001 ~ 1856321478523731061  (60+1 条)
--     homework     → 1856321478523740101 ~ 1856321478523740103  (3 条)
--     homework_submit → 1856321478523751001 ~ 1856321478523751180 (最多 180 条)
-- ============================================================

-- ============================================================
-- 1) 批量插入 60 名学生账号
--    学号：ST060001 ~ ST060060
--    姓名：学生001 ~ 学生060
--    school_id 复用已有北京大学 1856321478523691000
-- ============================================================

INSERT INTO `user` (id, account, password, name, phone, avatar, school_id, create_time, update_time) VALUES
(1856321478523691001, 'ST060001', '$2b$10$BcWbKT8Y9Yu97xujrh3gt.5G1tGv1HZumVw300xiSAX7BYpDwaegC', '学生001', '13900000001', NULL, 1856321478523691000, NOW(), NOW()),
(1856321478523691002, 'ST060002', '$2b$10$BcWbKT8Y9Yu97xujrh3gt.5G1tGv1HZumVw300xiSAX7BYpDwaegC', '学生002', '13900000002', NULL, 1856321478523691000, NOW(), NOW()),
(1856321478523691003, 'ST060003', '$2b$10$BcWbKT8Y9Yu97xujrh3gt.5G1tGv1HZumVw300xiSAX7BYpDwaegC', '学生003', '13900000003', NULL, 1856321478523691000, NOW(), NOW()),
(1856321478523691004, 'ST060004', '$2b$10$BcWbKT8Y9Yu97xujrh3gt.5G1tGv1HZumVw300xiSAX7BYpDwaegC', '学生004', '13900000004', NULL, 1856321478523691000, NOW(), NOW()),
(1856321478523691005, 'ST060005', '$2b$10$BcWbKT8Y9Yu97xujrh3gt.5G1tGv1HZumVw300xiSAX7BYpDwaegC', '学生005', '13900000005', NULL, 1856321478523691000, NOW(), NOW()),
(1856321478523691006, 'ST060006', '$2b$10$BcWbKT8Y9Yu97xujrh3gt.5G1tGv1HZumVw300xiSAX7BYpDwaegC', '学生006', '13900000006', NULL, 1856321478523691000, NOW(), NOW()),
(1856321478523691007, 'ST060007', '$2b$10$BcWbKT8Y9Yu97xujrh3gt.5G1tGv1HZumVw300xiSAX7BYpDwaegC', '学生007', '13900000007', NULL, 1856321478523691000, NOW(), NOW()),
(1856321478523691008, 'ST060008', '$2b$10$BcWbKT8Y9Yu97xujrh3gt.5G1tGv1HZumVw300xiSAX7BYpDwaegC', '学生008', '13900000008', NULL, 1856321478523691000, NOW(), NOW()),
(1856321478523691009, 'ST060009', '$2b$10$BcWbKT8Y9Yu97xujrh3gt.5G1tGv1HZumVw300xiSAX7BYpDwaegC', '学生009', '13900000009', NULL, 1856321478523691000, NOW(), NOW()),
(1856321478523691010, 'ST060010', '$2b$10$BcWbKT8Y9Yu97xujrh3gt.5G1tGv1HZumVw300xiSAX7BYpDwaegC', '学生010', '13900000010', NULL, 1856321478523691000, NOW(), NOW()),
(1856321478523691011, 'ST060011', '$2b$10$BcWbKT8Y9Yu97xujrh3gt.5G1tGv1HZumVw300xiSAX7BYpDwaegC', '学生011', '13900000011', NULL, 1856321478523691000, NOW(), NOW()),
(1856321478523691012, 'ST060012', '$2b$10$BcWbKT8Y9Yu97xujrh3gt.5G1tGv1HZumVw300xiSAX7BYpDwaegC', '学生012', '13900000012', NULL, 1856321478523691000, NOW(), NOW()),
(1856321478523691013, 'ST060013', '$2b$10$BcWbKT8Y9Yu97xujrh3gt.5G1tGv1HZumVw300xiSAX7BYpDwaegC', '学生013', '13900000013', NULL, 1856321478523691000, NOW(), NOW()),
(1856321478523691014, 'ST060014', '$2b$10$BcWbKT8Y9Yu97xujrh3gt.5G1tGv1HZumVw300xiSAX7BYpDwaegC', '学生014', '13900000014', NULL, 1856321478523691000, NOW(), NOW()),
(1856321478523691015, 'ST060015', '$2b$10$BcWbKT8Y9Yu97xujrh3gt.5G1tGv1HZumVw300xiSAX7BYpDwaegC', '学生015', '13900000015', NULL, 1856321478523691000, NOW(), NOW()),
(1856321478523691016, 'ST060016', '$2b$10$BcWbKT8Y9Yu97xujrh3gt.5G1tGv1HZumVw300xiSAX7BYpDwaegC', '学生016', '13900000016', NULL, 1856321478523691000, NOW(), NOW()),
(1856321478523691017, 'ST060017', '$2b$10$BcWbKT8Y9Yu97xujrh3gt.5G1tGv1HZumVw300xiSAX7BYpDwaegC', '学生017', '13900000017', NULL, 1856321478523691000, NOW(), NOW()),
(1856321478523691018, 'ST060018', '$2b$10$BcWbKT8Y9Yu97xujrh3gt.5G1tGv1HZumVw300xiSAX7BYpDwaegC', '学生018', '13900000018', NULL, 1856321478523691000, NOW(), NOW()),
(1856321478523691019, 'ST060019', '$2b$10$BcWbKT8Y9Yu97xujrh3gt.5G1tGv1HZumVw300xiSAX7BYpDwaegC', '学生019', '13900000019', NULL, 1856321478523691000, NOW(), NOW()),
(1856321478523691020, 'ST060020', '$2b$10$BcWbKT8Y9Yu97xujrh3gt.5G1tGv1HZumVw300xiSAX7BYpDwaegC', '学生020', '13900000020', NULL, 1856321478523691000, NOW(), NOW()),
(1856321478523691021, 'ST060021', '$2b$10$BcWbKT8Y9Yu97xujrh3gt.5G1tGv1HZumVw300xiSAX7BYpDwaegC', '学生021', '13900000021', NULL, 1856321478523691000, NOW(), NOW()),
(1856321478523691022, 'ST060022', '$2b$10$BcWbKT8Y9Yu97xujrh3gt.5G1tGv1HZumVw300xiSAX7BYpDwaegC', '学生022', '13900000022', NULL, 1856321478523691000, NOW(), NOW()),
(1856321478523691023, 'ST060023', '$2b$10$BcWbKT8Y9Yu97xujrh3gt.5G1tGv1HZumVw300xiSAX7BYpDwaegC', '学生023', '13900000023', NULL, 1856321478523691000, NOW(), NOW()),
(1856321478523691024, 'ST060024', '$2b$10$BcWbKT8Y9Yu97xujrh3gt.5G1tGv1HZumVw300xiSAX7BYpDwaegC', '学生024', '13900000024', NULL, 1856321478523691000, NOW(), NOW()),
(1856321478523691025, 'ST060025', '$2b$10$BcWbKT8Y9Yu97xujrh3gt.5G1tGv1HZumVw300xiSAX7BYpDwaegC', '学生025', '13900000025', NULL, 1856321478523691000, NOW(), NOW()),
(1856321478523691026, 'ST060026', '$2b$10$BcWbKT8Y9Yu97xujrh3gt.5G1tGv1HZumVw300xiSAX7BYpDwaegC', '学生026', '13900000026', NULL, 1856321478523691000, NOW(), NOW()),
(1856321478523691027, 'ST060027', '$2b$10$BcWbKT8Y9Yu97xujrh3gt.5G1tGv1HZumVw300xiSAX7BYpDwaegC', '学生027', '13900000027', NULL, 1856321478523691000, NOW(), NOW()),
(1856321478523691028, 'ST060028', '$2b$10$BcWbKT8Y9Yu97xujrh3gt.5G1tGv1HZumVw300xiSAX7BYpDwaegC', '学生028', '13900000028', NULL, 1856321478523691000, NOW(), NOW()),
(1856321478523691029, 'ST060029', '$2b$10$BcWbKT8Y9Yu97xujrh3gt.5G1tGv1HZumVw300xiSAX7BYpDwaegC', '学生029', '13900000029', NULL, 1856321478523691000, NOW(), NOW()),
(1856321478523691030, 'ST060030', '$2b$10$BcWbKT8Y9Yu97xujrh3gt.5G1tGv1HZumVw300xiSAX7BYpDwaegC', '学生030', '13900000030', NULL, 1856321478523691000, NOW(), NOW()),
(1856321478523691031, 'ST060031', '$2b$10$BcWbKT8Y9Yu97xujrh3gt.5G1tGv1HZumVw300xiSAX7BYpDwaegC', '学生031', '13900000031', NULL, 1856321478523691000, NOW(), NOW()),
(1856321478523691032, 'ST060032', '$2b$10$BcWbKT8Y9Yu97xujrh3gt.5G1tGv1HZumVw300xiSAX7BYpDwaegC', '学生032', '13900000032', NULL, 1856321478523691000, NOW(), NOW()),
(1856321478523691033, 'ST060033', '$2b$10$BcWbKT8Y9Yu97xujrh3gt.5G1tGv1HZumVw300xiSAX7BYpDwaegC', '学生033', '13900000033', NULL, 1856321478523691000, NOW(), NOW()),
(1856321478523691034, 'ST060034', '$2b$10$BcWbKT8Y9Yu97xujrh3gt.5G1tGv1HZumVw300xiSAX7BYpDwaegC', '学生034', '13900000034', NULL, 1856321478523691000, NOW(), NOW()),
(1856321478523691035, 'ST060035', '$2b$10$BcWbKT8Y9Yu97xujrh3gt.5G1tGv1HZumVw300xiSAX7BYpDwaegC', '学生035', '13900000035', NULL, 1856321478523691000, NOW(), NOW()),
(1856321478523691036, 'ST060036', '$2b$10$BcWbKT8Y9Yu97xujrh3gt.5G1tGv1HZumVw300xiSAX7BYpDwaegC', '学生036', '13900000036', NULL, 1856321478523691000, NOW(), NOW()),
(1856321478523691037, 'ST060037', '$2b$10$BcWbKT8Y9Yu97xujrh3gt.5G1tGv1HZumVw300xiSAX7BYpDwaegC', '学生037', '13900000037', NULL, 1856321478523691000, NOW(), NOW()),
(1856321478523691038, 'ST060038', '$2b$10$BcWbKT8Y9Yu97xujrh3gt.5G1tGv1HZumVw300xiSAX7BYpDwaegC', '学生038', '13900000038', NULL, 1856321478523691000, NOW(), NOW()),
(1856321478523691039, 'ST060039', '$2b$10$BcWbKT8Y9Yu97xujrh3gt.5G1tGv1HZumVw300xiSAX7BYpDwaegC', '学生039', '13900000039', NULL, 1856321478523691000, NOW(), NOW()),
(1856321478523691040, 'ST060040', '$2b$10$BcWbKT8Y9Yu97xujrh3gt.5G1tGv1HZumVw300xiSAX7BYpDwaegC', '学生040', '13900000040', NULL, 1856321478523691000, NOW(), NOW()),
(1856321478523691041, 'ST060041', '$2b$10$BcWbKT8Y9Yu97xujrh3gt.5G1tGv1HZumVw300xiSAX7BYpDwaegC', '学生041', '13900000041', NULL, 1856321478523691000, NOW(), NOW()),
(1856321478523691042, 'ST060042', '$2b$10$BcWbKT8Y9Yu97xujrh3gt.5G1tGv1HZumVw300xiSAX7BYpDwaegC', '学生042', '13900000042', NULL, 1856321478523691000, NOW(), NOW()),
(1856321478523691043, 'ST060043', '$2b$10$BcWbKT8Y9Yu97xujrh3gt.5G1tGv1HZumVw300xiSAX7BYpDwaegC', '学生043', '13900000043', NULL, 1856321478523691000, NOW(), NOW()),
(1856321478523691044, 'ST060044', '$2b$10$BcWbKT8Y9Yu97xujrh3gt.5G1tGv1HZumVw300xiSAX7BYpDwaegC', '学生044', '13900000044', NULL, 1856321478523691000, NOW(), NOW()),
(1856321478523691045, 'ST060045', '$2b$10$BcWbKT8Y9Yu97xujrh3gt.5G1tGv1HZumVw300xiSAX7BYpDwaegC', '学生045', '13900000045', NULL, 1856321478523691000, NOW(), NOW()),
(1856321478523691046, 'ST060046', '$2b$10$BcWbKT8Y9Yu97xujrh3gt.5G1tGv1HZumVw300xiSAX7BYpDwaegC', '学生046', '13900000046', NULL, 1856321478523691000, NOW(), NOW()),
(1856321478523691047, 'ST060047', '$2b$10$BcWbKT8Y9Yu97xujrh3gt.5G1tGv1HZumVw300xiSAX7BYpDwaegC', '学生047', '13900000047', NULL, 1856321478523691000, NOW(), NOW()),
(1856321478523691048, 'ST060048', '$2b$10$BcWbKT8Y9Yu97xujrh3gt.5G1tGv1HZumVw300xiSAX7BYpDwaegC', '学生048', '13900000048', NULL, 1856321478523691000, NOW(), NOW()),
(1856321478523691049, 'ST060049', '$2b$10$BcWbKT8Y9Yu97xujrh3gt.5G1tGv1HZumVw300xiSAX7BYpDwaegC', '学生049', '13900000049', NULL, 1856321478523691000, NOW(), NOW()),
(1856321478523691050, 'ST060050', '$2b$10$BcWbKT8Y9Yu97xujrh3gt.5G1tGv1HZumVw300xiSAX7BYpDwaegC', '学生050', '13900000050', NULL, 1856321478523691000, NOW(), NOW()),
(1856321478523691051, 'ST060051', '$2b$10$BcWbKT8Y9Yu97xujrh3gt.5G1tGv1HZumVw300xiSAX7BYpDwaegC', '学生051', '13900000051', NULL, 1856321478523691000, NOW(), NOW()),
(1856321478523691052, 'ST060052', '$2b$10$BcWbKT8Y9Yu97xujrh3gt.5G1tGv1HZumVw300xiSAX7BYpDwaegC', '学生052', '13900000052', NULL, 1856321478523691000, NOW(), NOW()),
(1856321478523691053, 'ST060053', '$2b$10$BcWbKT8Y9Yu97xujrh3gt.5G1tGv1HZumVw300xiSAX7BYpDwaegC', '学生053', '13900000053', NULL, 1856321478523691000, NOW(), NOW()),
(1856321478523691054, 'ST060054', '$2b$10$BcWbKT8Y9Yu97xujrh3gt.5G1tGv1HZumVw300xiSAX7BYpDwaegC', '学生054', '13900000054', NULL, 1856321478523691000, NOW(), NOW()),
(1856321478523691055, 'ST060055', '$2b$10$BcWbKT8Y9Yu97xujrh3gt.5G1tGv1HZumVw300xiSAX7BYpDwaegC', '学生055', '13900000055', NULL, 1856321478523691000, NOW(), NOW()),
(1856321478523691056, 'ST060056', '$2b$10$BcWbKT8Y9Yu97xujrh3gt.5G1tGv1HZumVw300xiSAX7BYpDwaegC', '学生056', '13900000056', NULL, 1856321478523691000, NOW(), NOW()),
(1856321478523691057, 'ST060057', '$2b$10$BcWbKT8Y9Yu97xujrh3gt.5G1tGv1HZumVw300xiSAX7BYpDwaegC', '学生057', '13900000057', NULL, 1856321478523691000, NOW(), NOW()),
(1856321478523691058, 'ST060058', '$2b$10$BcWbKT8Y9Yu97xujrh3gt.5G1tGv1HZumVw300xiSAX7BYpDwaegC', '学生058', '13900000058', NULL, 1856321478523691000, NOW(), NOW()),
(1856321478523691059, 'ST060059', '$2b$10$BcWbKT8Y9Yu97xujrh3gt.5G1tGv1HZumVw300xiSAX7BYpDwaegC', '学生059', '13900000059', NULL, 1856321478523691000, NOW(), NOW()),
(1856321478523691060, 'ST060060', '$2b$10$BcWbKT8Y9Yu97xujrh3gt.5G1tGv1HZumVw300xiSAX7BYpDwaegC', '学生060', '13900000060', NULL, 1856321478523691000, NOW(), NOW());

-- ============================================================
-- 2) 压测课程：《软件工程实训》
--   复用已有 term_id=1856321478523700004（2025-2026 第二学期）
--   复用已有 department_id=1856321478523710001（计算机学院）
--   任课教师：张老师（T001，1856321478523690000）
-- ============================================================

INSERT INTO `course` (
  id, course_num, course_name, period, credit, status, class_name, term,
  join_code, cover, creator_id, teacher_name,
  syllabus, intro, term_id, department_id, create_time, update_time
) VALUES (
  1856321478523720101, 'SE901', '软件工程实训', 80, 4.0, 1,
  '压测班', '2025-2026 第二学期',
  'SE0601', 'https://picsum.photos/seed/se901/600/300',
  1856321478523690000, '张老师',
  '[{"week":1,"title":"团队组建","content":"分组并选定项目方向","type":"实践"}]',
  '本课程通过真实项目实训，系统掌握软件工程全流程管理。',
  1856321478523700004, 1856321478523710001, NOW(), NOW()
);

-- ============================================================
-- 3) 教师 + 60 名学生全部加入压测课程
--   角色：role=1 教师，role=2 学生
-- ============================================================

INSERT INTO `user_course` (id, user_id, course_id, role, is_top, sort_weight, join_time) VALUES
  (1856321478523731001, 1856321478523690000, 1856321478523720101, 1, 1, 100, NOW()),
  (1856321478523731002, 1856321478523691001, 1856321478523720101, 2, 0, 0, NOW()),
  (1856321478523731003, 1856321478523691002, 1856321478523720101, 2, 0, 0, NOW()),
  (1856321478523731004, 1856321478523691003, 1856321478523720101, 2, 0, 0, NOW()),
  (1856321478523731005, 1856321478523691004, 1856321478523720101, 2, 0, 0, NOW()),
  (1856321478523731006, 1856321478523691005, 1856321478523720101, 2, 0, 0, NOW()),
  (1856321478523731007, 1856321478523691006, 1856321478523720101, 2, 0, 0, NOW()),
  (1856321478523731008, 1856321478523691007, 1856321478523720101, 2, 0, 0, NOW()),
  (1856321478523731009, 1856321478523691008, 1856321478523720101, 2, 0, 0, NOW()),
  (1856321478523731010, 1856321478523691009, 1856321478523720101, 2, 0, 0, NOW()),
  (1856321478523731011, 1856321478523691010, 1856321478523720101, 2, 0, 0, NOW()),
  (1856321478523731012, 1856321478523691011, 1856321478523720101, 2, 0, 0, NOW()),
  (1856321478523731013, 1856321478523691012, 1856321478523720101, 2, 0, 0, NOW()),
  (1856321478523731014, 1856321478523691013, 1856321478523720101, 2, 0, 0, NOW()),
  (1856321478523731015, 1856321478523691014, 1856321478523720101, 2, 0, 0, NOW()),
  (1856321478523731016, 1856321478523691015, 1856321478523720101, 2, 0, 0, NOW()),
  (1856321478523731017, 1856321478523691016, 1856321478523720101, 2, 0, 0, NOW()),
  (1856321478523731018, 1856321478523691017, 1856321478523720101, 2, 0, 0, NOW()),
  (1856321478523731019, 1856321478523691018, 1856321478523720101, 2, 0, 0, NOW()),
  (1856321478523731020, 1856321478523691019, 1856321478523720101, 2, 0, 0, NOW()),
  (1856321478523731021, 1856321478523691020, 1856321478523720101, 2, 0, 0, NOW()),
  (1856321478523731022, 1856321478523691021, 1856321478523720101, 2, 0, 0, NOW()),
  (1856321478523731023, 1856321478523691022, 1856321478523720101, 2, 0, 0, NOW()),
  (1856321478523731024, 1856321478523691023, 1856321478523720101, 2, 0, 0, NOW()),
  (1856321478523731025, 1856321478523691024, 1856321478523720101, 2, 0, 0, NOW()),
  (1856321478523731026, 1856321478523691025, 1856321478523720101, 2, 0, 0, NOW()),
  (1856321478523731027, 1856321478523691026, 1856321478523720101, 2, 0, 0, NOW()),
  (1856321478523731028, 1856321478523691027, 1856321478523720101, 2, 0, 0, NOW()),
  (1856321478523731029, 1856321478523691028, 1856321478523720101, 2, 0, 0, NOW()),
  (1856321478523731030, 1856321478523691029, 1856321478523720101, 2, 0, 0, NOW()),
  (1856321478523731031, 1856321478523691030, 1856321478523720101, 2, 0, 0, NOW()),
  (1856321478523731032, 1856321478523691031, 1856321478523720101, 2, 0, 0, NOW()),
  (1856321478523731033, 1856321478523691032, 1856321478523720101, 2, 0, 0, NOW()),
  (1856321478523731034, 1856321478523691033, 1856321478523720101, 2, 0, 0, NOW()),
  (1856321478523731035, 1856321478523691034, 1856321478523720101, 2, 0, 0, NOW()),
  (1856321478523731036, 1856321478523691035, 1856321478523720101, 2, 0, 0, NOW()),
  (1856321478523731037, 1856321478523691036, 1856321478523720101, 2, 0, 0, NOW()),
  (1856321478523731038, 1856321478523691037, 1856321478523720101, 2, 0, 0, NOW()),
  (1856321478523731039, 1856321478523691038, 1856321478523720101, 2, 0, 0, NOW()),
  (1856321478523731040, 1856321478523691039, 1856321478523720101, 2, 0, 0, NOW()),
  (1856321478523731041, 1856321478523691040, 1856321478523720101, 2, 0, 0, NOW()),
  (1856321478523731042, 1856321478523691041, 1856321478523720101, 2, 0, 0, NOW()),
  (1856321478523731043, 1856321478523691042, 1856321478523720101, 2, 0, 0, NOW()),
  (1856321478523731044, 1856321478523691043, 1856321478523720101, 2, 0, 0, NOW()),
  (1856321478523731045, 1856321478523691044, 1856321478523720101, 2, 0, 0, NOW()),
  (1856321478523731046, 1856321478523691045, 1856321478523720101, 2, 0, 0, NOW()),
  (1856321478523731047, 1856321478523691046, 1856321478523720101, 2, 0, 0, NOW()),
  (1856321478523731048, 1856321478523691047, 1856321478523720101, 2, 0, 0, NOW()),
  (1856321478523731049, 1856321478523691048, 1856321478523720101, 2, 0, 0, NOW()),
  (1856321478523731050, 1856321478523691049, 1856321478523720101, 2, 0, 0, NOW()),
  (1856321478523731051, 1856321478523691050, 1856321478523720101, 2, 0, 0, NOW()),
  (1856321478523731052, 1856321478523691051, 1856321478523720101, 2, 0, 0, NOW()),
  (1856321478523731053, 1856321478523691052, 1856321478523720101, 2, 0, 0, NOW()),
  (1856321478523731054, 1856321478523691053, 1856321478523720101, 2, 0, 0, NOW()),
  (1856321478523731055, 1856321478523691054, 1856321478523720101, 2, 0, 0, NOW()),
  (1856321478523731056, 1856321478523691055, 1856321478523720101, 2, 0, 0, NOW()),
  (1856321478523731057, 1856321478523691056, 1856321478523720101, 2, 0, 0, NOW()),
  (1856321478523731058, 1856321478523691057, 1856321478523720101, 2, 0, 0, NOW()),
  (1856321478523731059, 1856321478523691058, 1856321478523720101, 2, 0, 0, NOW()),
  (1856321478523731060, 1856321478523691059, 1856321478523720101, 2, 0, 0, NOW()),
  (1856321478523731061, 1856321478523691060, 1856321478523720101, 2, 0, 0, NOW());

-- ============================================================
-- 4) 3 次作业发布
--   作业A（已截止）→ 60 条提交，全 status=2（已批改）
--   作业B（临近） → 45 条提交，全 status=1（待批阅）
--   作业C（全新） → 0 条提交（未交）
-- ============================================================

INSERT INTO `homework` (
  id, course_id, title, description, type, activity_tag, total_score,
  forbid_late, attachments, publish_time, deadline
) VALUES
  (1856321478523740101, 1856321478523720101,
   '作业A：团队项目计划书',
   '以小组为单位，撰写一份完整的项目计划书，包含里程碑、资源分配与风险评估。',
   2, '课中', 100, 0, NULL,
   '2026-06-01 09:00:00', '2026-06-20 23:59:59'),
  (1856321478523740102, 1856321478523720101,
   '作业B：需求规格说明书',
   '完成项目的需求调研文档，绘制用例图，明确功能优先级。',
   2, '课后', 100, 0, NULL,
   '2026-06-20 09:00:00', '2026-07-08 23:59:59'),
  (1856321478523740103, 1856321478523720101,
   '作业C：系统设计文档',
   '完成系统的架构设计与数据库设计，提交 ER 图与类图。',
   2, '实验', 100, 1, NULL,
   '2026-07-01 09:00:00', '2026-07-25 23:59:59');

-- ============================================================
-- 5) 作业A提交记录：60 条，全部已批改（status=2）
--   分数随机分布在 60~99 分，相似度 < 25%
--   提交时间分布在 6月18日 ~ 6月20日之间
-- ============================================================

INSERT INTO `homework_submit` (
  id, homework_id, student_id, status, content, attachments, submit_time,
  score, teacher_comment, similarity, word_count
) VALUES
(1856321478523751001, 1856321478523740101, 1856321478523691001, 2, '项目计划书正文...', NULL, '2026-06-18 10:20:00', 88, '计划详细，但风险评估偏少。', 0.08, 1200),
(1856321478523751002, 1856321478523740101, 1856321478523691002, 2, '项目计划书正文...', NULL, '2026-06-18 11:00:00', 92, '结构清晰，里程碑设置合理。', 0.05, 1350),
(1856321478523751003, 1856321478523740101, 1856321478523691003, 2, '项目计划书正文...', NULL, '2026-06-18 13:30:00', 85, '资源分配合理。', 0.12, 1100),
(1856321478523751004, 1856321478523740101, 1856321478523691004, 2, '项目计划书正文...', NULL, '2026-06-18 14:15:00', 90, '整体完成度高。', 0.09, 1280),
(1856321478523751005, 1856321478523740101, 1856321478523691005, 2, '项目计划书正文...', NULL, '2026-06-18 15:00:00', 78, '内容偏简，需补充测试计划。', 0.15, 950),
(1856321478523751006, 1856321478523740101, 1856321478523691006, 2, '项目计划书正文...', NULL, '2026-06-18 16:30:00', 91, '排版规范，数据充分。', 0.06, 1400),
(1856321478523751007, 1856321478523740101, 1856321478523691007, 2, '项目计划书正文...', NULL, '2026-06-18 17:00:00', 87, '风险分析到位。', 0.10, 1150),
(1856321478523751008, 1856321478523740101, 1856321478523691008, 2, '项目计划书正文...', NULL, '2026-06-18 18:20:00', 93, '优秀，里程碑粒度合适。', 0.04, 1500),
(1856321478523751009, 1856321478523740101, 1856321478523691009, 2, '项目计划书正文...', NULL, '2026-06-18 19:00:00', 86, '结构完整。', 0.11, 1180),
(1856321478523751010, 1856321478523740101, 1856321478523691010, 2, '项目计划书正文...', NULL, '2026-06-18 20:30:00', 89, '总体不错，可再细化。', 0.07, 1300),
(1856321478523751011, 1856321478523740101, 1856321478523691011, 2, '项目计划书正文...', NULL, '2026-06-18 21:00:00', 82, '完成基本要求。', 0.14, 1050),
(1856321478523751012, 1856321478523740101, 1856321478523691012, 2, '项目计划书正文...', NULL, '2026-06-19 09:30:00', 94, '非常详细，值得参考。', 0.03, 1600),
(1856321478523751013, 1856321478523740101, 1856321478523691013, 2, '项目计划书正文...', NULL, '2026-06-19 10:00:00', 80, '基本满足，但缺少甘特图。', 0.18, 980),
(1856321478523751014, 1856321478523740101, 1856321478523691014, 2, '项目计划书正文...', NULL, '2026-06-19 11:15:00', 88, '进度安排合理。', 0.09, 1220),
(1856321478523751015, 1856321478523740101, 1856321478523691015, 2, '项目计划书正文...', NULL, '2026-06-19 12:00:00', 76, '风险识别部分需加强。', 0.20, 900),
(1856321478523751016, 1856321478523740101, 1856321478523691016, 2, '项目计划书正文...', NULL, '2026-06-19 13:30:00', 90, '图表丰富，论证充分。', 0.06, 1450),
(1856321478523751017, 1856321478523740101, 1856321478523691017, 2, '项目计划书正文...', NULL, '2026-06-19 14:00:00', 84, '完成度良好。', 0.13, 1120),
(1856321478523751018, 1856321478523740101, 1856321478523691018, 2, '项目计划书正文...', NULL, '2026-06-19 15:20:00', 91, '资源估算准确。', 0.05, 1380),
(1856321478523751019, 1856321478523740101, 1856321478523691019, 2, '项目计划书正文...', NULL, '2026-06-19 16:00:00', 87, '章节齐全，逻辑通顺。', 0.10, 1200),
(1856321478523751020, 1856321478523740101, 1856321478523691020, 2, '项目计划书正文...', NULL, '2026-06-19 17:30:00', 89, '整体优秀，细节点到即止。', 0.08, 1320),
(1856321478523751021, 1856321478523740101, 1856321478523691021, 2, '项目计划书正文...', NULL, '2026-06-19 18:15:00', 83, '满足基本要求，可进一步打磨。', 0.16, 1080),
(1856321478523751022, 1856321478523740101, 1856321478523691022, 2, '项目计划书正文...', NULL, '2026-06-19 19:00:00', 92, '里程碑分解细致。', 0.04, 1480),
(1856321478523751023, 1856321478523740101, 1856321478523691023, 2, '项目计划书正文...', NULL, '2026-06-19 20:00:00', 86, '任务分配表规范。', 0.11, 1160),
(1856321478523751024, 1856321478523740101, 1856321478523691024, 2, '项目计划书正文...', NULL, '2026-06-19 20:45:00', 79, '缺少质量保障章节。', 0.19, 960),
(1856321478523751025, 1856321478523740101, 1856321478523691025, 2, '项目计划书正文...', NULL, '2026-06-19 21:30:00', 90, '计划周全，可执行性强。', 0.06, 1420),
(1856321478523751026, 1856321478523740101, 1856321478523691026, 2, '项目计划书正文...', NULL, '2026-06-19 22:00:00', 85, '覆盖面较全。', 0.12, 1190),
(1856321478523751027, 1856321478523740101, 1856321478523691027, 2, '项目计划书正文...', NULL, '2026-06-20 08:30:00', 88, '进度安排合理。', 0.09, 1260),
(1856321478523751028, 1856321478523740101, 1856321478523691028, 2, '项目计划书正文...', NULL, '2026-06-20 09:15:00', 93, '文档质量高，图表规范。', 0.03, 1550),
(1856321478523751029, 1856321478523740101, 1856321478523691029, 2, '项目计划书正文...', NULL, '2026-06-20 10:00:00', 81, '内容基本完整。', 0.17, 1000),
(1856321478523751030, 1856321478523740101, 1856321478523691030, 2, '项目计划书正文...', NULL, '2026-06-20 11:00:00', 87, '风险矩阵绘制规范。', 0.10, 1230),
(1856321478523751031, 1856321478523740101, 1856321478523691031, 2, '项目计划书正文...', NULL, '2026-06-20 12:30:00', 91, '预算估算合理。', 0.05, 1390),
(1856321478523751032, 1856321478523740101, 1856321478523691032, 2, '项目计划书正文...', NULL, '2026-06-20 13:15:00', 77, '需补充沟通管理计划。', 0.21, 920),
(1856321478523751033, 1856321478523740101, 1856321478523691033, 2, '项目计划书正文...', NULL, '2026-06-20 14:00:00', 89, 'WBS 分解细致。', 0.07, 1310),
(1856321478523751034, 1856321478523740101, 1856321478523691034, 2, '项目计划书正文...', NULL, '2026-06-20 15:30:00', 84, '整体完成。', 0.13, 1140),
(1856321478523751035, 1856321478523740101, 1856321478523691035, 2, '项目计划书正文...', NULL, '2026-06-20 16:00:00', 92, '方法论应用正确。', 0.04, 1460),
(1856321478523751036, 1856321478523740101, 1856321478523691036, 2, '项目计划书正文...', NULL, '2026-06-20 16:45:00', 86, '团队角色分配清晰。', 0.11, 1180),
(1856321478523751037, 1856321478523740101, 1856321478523691037, 2, '项目计划书正文...', NULL, '2026-06-20 17:30:00', 80, '达到基本水平。', 0.18, 970),
(1856321478523751038, 1856321478523740101, 1856321478523691038, 2, '项目计划书正文...', NULL, '2026-06-20 18:15:00', 88, '关键路径分析到位。', 0.08, 1290),
(1856321478523751039, 1856321478523740101, 1856321478523691039, 2, '项目计划书正文...', NULL, '2026-06-20 19:00:00', 90, '应急策略完备。', 0.06, 1370),
(1856321478523751040, 1856321478523740101, 1856321478523691040, 2, '项目计划书正文...', NULL, '2026-06-20 20:00:00', 83, '基本要素齐全。', 0.15, 1060),
(1856321478523751041, 1856321478523740101, 1856321478523691041, 2, '项目计划书正文...', NULL, '2026-06-20 20:30:00', 91, '交付物清单明确。', 0.05, 1430),
(1856321478523751042, 1856321478523740101, 1856321478523691042, 2, '项目计划书正文...', NULL, '2026-06-20 21:00:00', 85, '可读性强。', 0.12, 1170),
(1856321478523751043, 1856321478523740101, 1856321478523691043, 2, '项目计划书正文...', NULL, '2026-06-20 21:30:00', 87, '成本估算方法正确。', 0.09, 1240),
(1856321478523751044, 1856321478523740101, 1856321478523691044, 2, '项目计划书正文...', NULL, '2026-06-20 22:00:00', 94, '精品级文档，推荐优秀。', 0.02, 1620),
(1856321478523751045, 1856321478523740101, 1856321478523691045, 2, '项目计划书正文...', NULL, '2026-06-20 22:30:00', 82, '内容充实，可再精简。', 0.14, 1030),
(1856321478523751046, 1856321478523740101, 1856321478523691046, 2, '项目计划书正文...', NULL, '2026-06-20 23:00:00', 89, '时间线可视化好。', 0.07, 1330),
(1856321478523751047, 1856321478523740101, 1856321478523691047, 2, '项目计划书正文...', NULL, '2026-06-20 23:30:00', 86, '附录资料完整。', 0.10, 1210),
(1856321478523751048, 1856321478523740101, 1856321478523691048, 2, '项目计划书正文...', NULL, '2026-06-20 23:45:00', 79, '需补充验收标准。', 0.20, 940),
(1856321478523751049, 1856321478523740101, 1856321478523691049, 2, '项目计划书正文...', NULL, '2026-06-20 23:50:00', 92, '综合评价优秀。', 0.04, 1490),
(1856321478523751050, 1856321478523740101, 1856321478523691050, 2, '项目计划书正文...', NULL, '2026-06-20 23:55:00', 84, '计划可行。', 0.13, 1150),
(1856321478523751051, 1856321478523740101, 1856321478523691051, 2, '项目计划书正文...', NULL, '2026-06-20 23:56:00', 90, '团队分工合理。', 0.06, 1400),
(1856321478523751052, 1856321478523740101, 1856321478523691052, 2, '项目计划书正文...', NULL, '2026-06-20 23:57:00', 81, '基本达标。', 0.16, 990),
(1856321478523751053, 1856321478523740101, 1856321478523691053, 2, '项目计划书正文...', NULL, '2026-06-20 23:58:00', 88, '进度管控措施得当。', 0.08, 1270),
(1856321478523751054, 1856321478523740101, 1856321478523691054, 2, '项目计划书正文...', NULL, '2026-06-20 23:59:00', 91, '质量保障方案详细。', 0.05, 1440),
(1856321478523751055, 1856321478523740101, 1856321478523691055, 2, '项目计划书正文...', NULL, '2026-06-20 23:59:30', 78, '内容尚可，格式需规范。', 0.19, 960),
(1856321478523751056, 1856321478523740101, 1856321478523691056, 2, '项目计划书正文...', NULL, '2026-06-20 23:59:45', 93, '超出预期，质量优秀。', 0.03, 1580),
(1856321478523751057, 1856321478523740101, 1856321478523691057, 2, '项目计划书正文...', NULL, '2026-06-20 23:59:50', 85, '满足全部要求。', 0.11, 1180),
(1856321478523751058, 1856321478523740101, 1856321478523691058, 2, '项目计划书正文...', NULL, '2026-06-20 23:59:55', 87, '思路清晰，图表辅助到位。', 0.09, 1250),
(1856321478523751059, 1856321478523740101, 1856321478523691059, 2, '项目计划书正文...', NULL, '2026-06-21 00:00:30', 80, '勉强通过，需重写。', 0.22, 900),
(1856321478523751060, 1856321478523740101, 1856321478523691060, 2, '项目计划书正文...', NULL, '2026-06-21 00:05:00', 89, '踩点提交，但内容合格。', 0.07, 1310);

-- ============================================================
-- 6) 作业B提交记录：45 条，全部待批阅（status=1）
--   学生001 ~ 学生045 提交了（学生046 ~ 学生060 未交）
--   提交时间分布在 7月1日 ~ 7月2日
-- ============================================================

INSERT INTO `homework_submit` (
  id, homework_id, student_id, status, content, attachments, submit_time,
  score, teacher_comment, similarity, word_count
) VALUES
(1856321478523751101, 1856321478523740102, 1856321478523691001, 1, '需求规格说明书正文...', NULL, '2026-07-01 10:00:00', NULL, NULL, 0.05, 2100),
(1856321478523751102, 1856321478523740102, 1856321478523691002, 1, '需求规格说明书正文...', NULL, '2026-07-01 10:30:00', NULL, NULL, 0.08, 2350),
(1856321478523751103, 1856321478523740102, 1856321478523691003, 1, '需求规格说明书正文...', NULL, '2026-07-01 11:00:00', NULL, NULL, 0.12, 1980),
(1856321478523751104, 1856321478523740102, 1856321478523691004, 1, '需求规格说明书正文...', NULL, '2026-07-01 11:30:00', NULL, NULL, 0.06, 2500),
(1856321478523751105, 1856321478523740102, 1856321478523691005, 1, '需求规格说明书正文...', NULL, '2026-07-01 12:00:00', NULL, NULL, 0.10, 2200),
(1856321478523751106, 1856321478523740102, 1856321478523691006, 1, '需求规格说明书正文...', NULL, '2026-07-01 13:00:00', NULL, NULL, 0.09, 2400),
(1856321478523751107, 1856321478523740102, 1856321478523691007, 1, '需求规格说明书正文...', NULL, '2026-07-01 13:30:00', NULL, NULL, 0.14, 2050),
(1856321478523751108, 1856321478523740102, 1856321478523691008, 1, '需求规格说明书正文...', NULL, '2026-07-01 14:00:00', NULL, NULL, 0.07, 2600),
(1856321478523751109, 1856321478523740102, 1856321478523691009, 1, '需求规格说明书正文...', NULL, '2026-07-01 14:30:00', NULL, NULL, 0.11, 2150),
(1856321478523751110, 1856321478523740102, 1856321478523691010, 1, '需求规格说明书正文...', NULL, '2026-07-01 15:00:00', NULL, NULL, 0.08, 2300),
(1856321478523751111, 1856321478523740102, 1856321478523691011, 1, '需求规格说明书正文...', NULL, '2026-07-01 15:30:00', NULL, NULL, 0.15, 1900),
(1856321478523751112, 1856321478523740102, 1856321478523691012, 1, '需求规格说明书正文...', NULL, '2026-07-01 16:00:00', NULL, NULL, 0.04, 2750),
(1856321478523751113, 1856321478523740102, 1856321478523691013, 1, '需求规格说明书正文...', NULL, '2026-07-01 16:30:00', NULL, NULL, 0.13, 2100),
(1856321478523751114, 1856321478523740102, 1856321478523691014, 1, '需求规格说明书正文...', NULL, '2026-07-01 17:00:00', NULL, NULL, 0.06, 2450),
(1856321478523751115, 1856321478523740102, 1856321478523691015, 1, '需求规格说明书正文...', NULL, '2026-07-01 17:30:00', NULL, NULL, 0.18, 1850),
(1856321478523751116, 1856321478523740102, 1856321478523691016, 1, '需求规格说明书正文...', NULL, '2026-07-01 18:00:00', NULL, NULL, 0.05, 2550),
(1856321478523751117, 1856321478523740102, 1856321478523691017, 1, '需求规格说明书正文...', NULL, '2026-07-01 18:30:00', NULL, NULL, 0.12, 2200),
(1856321478523751118, 1856321478523740102, 1856321478523691018, 1, '需求规格说明书正文...', NULL, '2026-07-01 19:00:00', NULL, NULL, 0.09, 2350),
(1856321478523751119, 1856321478523740102, 1856321478523691019, 1, '需求规格说明书正文...', NULL, '2026-07-01 19:30:00', NULL, NULL, 0.07, 2650),
(1856321478523751120, 1856321478523740102, 1856321478523691020, 1, '需求规格说明书正文...', NULL, '2026-07-01 20:00:00', NULL, NULL, 0.10, 2280),
(1856321478523751121, 1856321478523740102, 1856321478523691021, 1, '需求规格说明书正文...', NULL, '2026-07-01 20:30:00', NULL, NULL, 0.16, 1950),
(1856321478523751122, 1856321478523740102, 1856321478523691022, 1, '需求规格说明书正文...', NULL, '2026-07-01 21:00:00', NULL, NULL, 0.06, 2520),
(1856321478523751123, 1856321478523740102, 1856321478523691023, 1, '需求规格说明书正文...', NULL, '2026-07-01 21:30:00', NULL, NULL, 0.11, 2180),
(1856321478523751124, 1856321478523740102, 1856321478523691024, 1, '需求规格说明书正文...', NULL, '2026-07-01 22:00:00', NULL, NULL, 0.19, 1800),
(1856321478523751125, 1856321478523740102, 1856321478523691025, 1, '需求规格说明书正文...', NULL, '2026-07-01 22:30:00', NULL, NULL, 0.05, 2600),
(1856321478523751126, 1856321478523740102, 1856321478523691026, 1, '需求规格说明书正文...', NULL, '2026-07-01 23:00:00', NULL, NULL, 0.13, 2150),
(1856321478523751127, 1856321478523740102, 1856321478523691027, 1, '需求规格说明书正文...', NULL, '2026-07-01 23:30:00', NULL, NULL, 0.08, 2400),
(1856321478523751128, 1856321478523740102, 1856321478523691028, 1, '需求规格说明书正文...', NULL, '2026-07-02 00:00:00', NULL, NULL, 0.04, 2800),
(1856321478523751129, 1856321478523740102, 1856321478523691029, 1, '需求规格说明书正文...', NULL, '2026-07-02 06:00:00', NULL, NULL, 0.14, 2000),
(1856321478523751130, 1856321478523740102, 1856321478523691030, 1, '需求规格说明书正文...', NULL, '2026-07-02 07:00:00', NULL, NULL, 0.07, 2480),
(1856321478523751131, 1856321478523740102, 1856321478523691031, 1, '需求规格说明书正文...', NULL, '2026-07-02 08:00:00', NULL, NULL, 0.12, 2220),
(1856321478523751132, 1856321478523740102, 1856321478523691032, 1, '需求规格说明书正文...', NULL, '2026-07-02 08:30:00', NULL, NULL, 0.09, 2380),
(1856321478523751133, 1856321478523740102, 1856321478523691033, 1, '需求规格说明书正文...', NULL, '2026-07-02 09:00:00', NULL, NULL, 0.15, 2050),
(1856321478523751134, 1856321478523740102, 1856321478523691034, 1, '需求规格说明书正文...', NULL, '2026-07-02 09:30:00', NULL, NULL, 0.06, 2580),
(1856321478523751135, 1856321478523740102, 1856321478523691035, 1, '需求规格说明书正文...', NULL, '2026-07-02 10:00:00', NULL, NULL, 0.10, 2300),
(1856321478523751136, 1856321478523740102, 1856321478523691036, 1, '需求规格说明书正文...', NULL, '2026-07-02 10:30:00', NULL, NULL, 0.11, 2180),
(1856321478523751137, 1856321478523740102, 1856321478523691037, 1, '需求规格说明书正文...', NULL, '2026-07-02 11:00:00', NULL, NULL, 0.17, 1900),
(1856321478523751138, 1856321478523740102, 1856321478523691038, 1, '需求规格说明书正文...', NULL, '2026-07-02 11:30:00', NULL, NULL, 0.05, 2700),
(1856321478523751139, 1856321478523740102, 1856321478523691039, 1, '需求规格说明书正文...', NULL, '2026-07-02 12:00:00', NULL, NULL, 0.08, 2450),
(1856321478523751140, 1856321478523740102, 1856321478523691040, 1, '需求规格说明书正文...', NULL, '2026-07-02 12:30:00', NULL, NULL, 0.13, 2100),
(1856321478523751141, 1856321478523740102, 1856321478523691041, 1, '需求规格说明书正文...', NULL, '2026-07-02 13:00:00', NULL, NULL, 0.07, 2520),
(1856321478523751142, 1856321478523740102, 1856321478523691042, 1, '需求规格说明书正文...', NULL, '2026-07-02 13:30:00', NULL, NULL, 0.12, 2250),
(1856321478523751143, 1856321478523740102, 1856321478523691043, 1, '需求规格说明书正文...', NULL, '2026-07-02 14:00:00', NULL, NULL, 0.09, 2400),
(1856321478523751144, 1856321478523740102, 1856321478523691044, 1, '需求规格说明书正文...', NULL, '2026-07-02 14:30:00', NULL, NULL, 0.14, 1950),
(1856321478523751145, 1856321478523740102, 1856321478523691045, 1, '需求规格说明书正文...', NULL, '2026-07-02 15:00:00', NULL, NULL, 0.06, 2650);

SET FOREIGN_KEY_CHECKS = 1;

-- ============================================================
-- 执行后预期效果：
--   - 作业A：60/60 已提交并批改（提交率 100%，全部 status=2）
--   - 作业B：45/60 提交（提交率 75%，全部 status=1 待批阅）
--     → 15 名未交：学生046~学生060（ST060046~ST060060）
--   - 作业C：0/60 提交（全新作业，0 条记录）
--   - 教师端看板：待批阅总数 = 45（作业B 待批量）
-- ============================================================
